run_id,timestamp,experiment,backend,device,model,dataset,batch_size,sequence_length,precision,phase,iteration,latency_ms,throughput,throughput_unit,memory_mb,memory_kind,loss,accuracy,status,error_type,error,extra,metadata
20260919T172639,2026-09-19T17:30:16.836+07:00,rl,mps,Apple M1 Pro (16-core GPU),ppo_mlp64,CartPole-v1,256,,fp32,measure,0,280.4667709497153,3651.0564033398177,env_steps/s (end-to-end),,,41.18074890319258,,ok,,,"{""hidden"": 64, ""n_params"": 9155, ""num_envs"": 8, ""rollout_steps"": 128, ""policy_loss"": -0.0024023419246077538, ""value_loss"": 41.18315124511719, ""entropy"": 0.6928867101669312, ""env_s"": 0.009549740025249775, ""infer_s"": 0.11481415592425037, ""gae_s"": 0.0020373750012367964, ""update_s"": 0.15406549999897834, ""env_steps"": 1024, ""grad_steps"": 16, ""env_steps_per_sec_env_only"": 107228.04990423989, ""env_steps_per_sec_end2end"": 3651.0564033398177, ""train_steps_per_sec"": 103.85193310706227, ""mean_episode_return"": 23.0, ""episodes_finished"": 44}","{""torch"":""2.14.0"",""device_name"":""Apple M1 Pro (16-core GPU)"",""seed"":1234,""git_commit"":""2c24789d48523ca307f7e9c6d6bded783520cc40"",""code_sha256"":""ad2062058ca50491"",""hostname"":""Kims-MacBook-Pro-16.local""}"
20260919T172639,2026-09-19T17:30:17.059+07:00,rl,mps,Apple M1 Pro (16-core GPU),ppo_mlp64,CartPole-v1,256,,fp32,measure,1,201.20900404435815,5089.235468678385,env_steps/s (end-to-end),,,43.759908934356645,,ok,,,"{""hidden"": 64, ""n_params"": 9155, ""num_envs"": 8, ""rollout_steps"": 128, ""policy_loss"": -0.0014207165222615004, ""value_loss"": 43.761329650878906, ""entropy"": 0.6915562152862549, ""env_s"": 0.009232458003680222, ""infer_s"": 0.11433846204454312, ""gae_s"": 0.0017220840018126182, ""update_s"": 0.07591599999432219, ""env_steps"": 1024, ""grad_steps"": 16, ""env_steps_per_sec_env_only"": 110913.04174812551, ""env_steps_per_sec_end2end"": 5089.235468678385, ""train_steps_per_sec"": 210.7592602507594, ""mean_episode_return"": 24.15, ""episodes_finished"": 82}","{""torch"":""2.14.0"",""device_name"":""Apple M1 Pro (16-core GPU)"",""seed"":1234,""git_commit"":""2c24789d48523ca307f7e9c6d6bded783520cc40"",""code_sha256"":""ad2062058ca50491"",""hostname"":""Kims-MacBook-Pro-16.local""}"
20260919T172639,2026-09-19T17:30:17.294+07:00,rl,mps,Apple M1 Pro (16-core GPU),ppo_mlp64,CartPole-v1,256,,fp32,measure,2,211.88796799106058,4832.74255593032,env_steps/s (end-to-end),,,46.00371320499107,,ok,,,"{""hidden"": 64, ""n_params"": 9155, ""num_envs"": 8, ""rollout_steps"": 128, ""policy_loss"": -0.004057333339005709, ""value_loss"": 46.00777053833008, ""entropy"": 0.6881415843963623, ""env_s"": 0.010029667988419533, ""infer_s"": 0.12946163499873364, ""gae_s"": 0.001666999000008218, ""update_s"": 0.07072966600389918, ""env_steps"": 1024, ""grad_steps"": 16, ""env_steps_per_sec_env_only"": 102097.09844656195, ""env_steps_per_sec_end2end"": 4832.74255593032, ""train_steps_per_sec"": 226.213425058701, ""mean_episode_return"": 28.4, ""episodes_finished"": 123}","{""torch"":""2.14.0"",""device_name"":""Apple M1 Pro (16-core GPU)"",""seed"":1234,""git_commit"":""2c24789d48523ca307f7e9c6d6bded783520cc40"",""code_sha256"":""ad2062058ca50491"",""hostname"":""Kims-MacBook-Pro-16.local""}"
20260919T172639,2026-09-19T17:30:17.517+07:00,rl,mps,Apple M1 Pro (16-core GPU),ppo_mlp64,CartPole-v1,256,,fp32,measure,3,203.13167201675242,5041.06518611017,env_steps/s (end-to-end),,,51.35634811967611,,ok,,,"{""hidden"": 64, ""n_params"": 9155, ""num_envs"": 8, ""rollout_steps"": 128, ""policy_loss"": -0.004934228956699371, ""value_loss"": 51.36128234863281, ""entropy"": 0.6822851896286011, ""env_s"": 0.01006916206824826, ""infer_s"": 0.11501800996484235, ""gae_s"": 0.0016993749886751175, ""update_s"": 0.07634512499498669, ""env_steps"": 1024, ""grad_steps"": 16, ""env_steps_per_sec_env_only"": 101696.64496999659, ""env_steps_per_sec_end2end"": 5041.06518611017, ""train_steps_per_sec"": 209.57461266912148, ""mean_episode_return"": 26.0, ""episodes_finished"": 161}","{""torch"":""2.14.0"",""device_name"":""Apple M1 Pro (16-core GPU)"",""seed"":1234,""git_commit"":""2c24789d48523ca307f7e9c6d6bded783520cc40"",""code_sha256"":""ad2062058ca50491"",""hostname"":""Kims-MacBook-Pro-16.local""}"
20260919T172639,2026-09-19T17:30:17.740+07:00,rl,mps,Apple M1 Pro (16-core GPU),ppo_mlp64,CartPole-v1,256,,fp32,measure,4,202.15879395982483,5065.325034554274,env_steps/s (end-to-end),,,55.46814303658903,,ok,,,"{""hidden"": 64, ""n_params"": 9155, ""num_envs"": 8, ""rollout_steps"": 128, ""policy_loss"": -0.005199858918786049, ""value_loss"": 55.47334289550781, ""entropy"": 0.6728606224060059, ""env_s"": 0.009329336928203702, ""infer_s"": 0.11464624903601361, ""gae_s"": 0.0018468749985913746, ""update_s"": 0.07633633299701614, ""env_steps"": 1024, ""grad_steps"": 16, ""env_steps_per_sec_env_only"": 109761.28398839638, ""env_steps_per_sec_end2end"": 5065.325034554274, ""train_steps_per_sec"": 209.59875031756388, ""mean_episode_return"": 31.15, ""episodes_finished"": 194}","{""torch"":""2.14.0"",""device_name"":""Apple M1 Pro (16-core GPU)"",""seed"":1234,""git_commit"":""2c24789d48523ca307f7e9c6d6bded783520cc40"",""code_sha256"":""ad2062058ca50491"",""hostname"":""Kims-MacBook-Pro-16.local""}"
20260919T172639,2026-09-19T17:30:17.985+07:00,rl,mps,Apple M1 Pro (16-core GPU),ppo_mlp64,CartPole-v1,256,,fp32,measure,5,219.25363191985525,4670.3901369091445,env_steps/s (end-to-end),,,53.87171354005113,,ok,,,"{""hidden"": 64, ""n_params"": 9155, ""num_envs"": 8, ""rollout_steps"": 128, ""policy_loss"": -0.0037976293824613094, ""value_loss"": 53.875511169433594, ""entropy"": 0.660130500793457, ""env_s"": 0.011187995973159559, ""infer_s"": 0.12743650894844905, ""gae_s"": 0.0017464179982198402, ""update_s"": 0.07888270900002681, ""env_steps"": 1024, ""grad_steps"": 16, ""env_steps_per_sec_env_only"": 91526.66862381932, ""env_steps_per_sec_end2end"": 4670.3901369091445, ""train_steps_per_sec"": 202.83279064356884, ""mean_episode_return"": 32.25, ""episodes_finished"": 224}","{""torch"":""2.14.0"",""device_name"":""Apple M1 Pro (16-core GPU)"",""seed"":1234,""git_commit"":""2c24789d48523ca307f7e9c6d6bded783520cc40"",""code_sha256"":""ad2062058ca50491"",""hostname"":""Kims-MacBook-Pro-16.local""}"
20260919T172639,2026-09-19T17:30:18.210+07:00,rl,mps,Apple M1 Pro (16-core GPU),ppo_mlp64,CartPole-v1,256,,fp32,measure,6,200.16179105004994,5115.861496982466,env_steps/s (end-to-end),,,58.96257355180569,,ok,,,"{""hidden"": 64, ""n_params"": 9155, ""num_envs"": 8, ""rollout_steps"": 128, ""policy_loss"": -0.003616786329075694, ""value_loss"": 58.966190338134766, ""entropy"": 0.6537632942199707, ""env_s"": 0.011349005049851257, ""infer_s"": 0.11511536900798092, ""gae_s"": 0.0017185839969897643, ""update_s"": 0.071978832995228, ""env_steps"": 1024, ""grad_steps"": 16, ""env_steps_per_sec_env_only"": 90228.17379162421, ""env_steps_per_sec_end2end"": 5115.861496982466, ""train_steps_per_sec"": 222.28757169570608, ""mean_episode_return"": 33.0, ""episodes_finished"": 251}","{""torch"":""2.14.0"",""device_name"":""Apple M1 Pro (16-core GPU)"",""seed"":1234,""git_commit"":""2c24789d48523ca307f7e9c6d6bded783520cc40"",""code_sha256"":""ad2062058ca50491"",""hostname"":""Kims-MacBook-Pro-16.local""}"
20260919T172639,2026-09-19T17:30:18.434+07:00,rl,mps,Apple M1 Pro (16-core GPU),ppo_mlp64,CartPole-v1,256,,fp32,measure,7,202.65658300195355,5052.882984759142,env_steps/s (end-to-end),,,61.50240327976644,,ok,,,"{""hidden"": 64, ""n_params"": 9155, ""num_envs"": 8, ""rollout_steps"": 128, ""policy_loss"": -0.0025634560734033585, ""value_loss"": 61.504966735839844, ""entropy"": 0.6430549621582031, ""env_s"": 0.009333625021099579, ""infer_s"": 0.11403829198388848, ""gae_s"": 0.0016801660021883436, ""update_s"": 0.07760449999477714, ""env_steps"": 1024, ""grad_steps"": 16, ""env_steps_per_sec_env_only"": 109710.85700198445, ""env_steps_per_sec_end2end"": 5052.882984759142, ""train_steps_per_sec"": 206.17361108024426, ""mean_episode_return"": 47.85, ""episodes_finished"": 276}","{""torch"":""2.14.0"",""device_name"":""Apple M1 Pro (16-core GPU)"",""seed"":1234,""git_commit"":""2c24789d48523ca307f7e9c6d6bded783520cc40"",""code_sha256"":""ad2062058ca50491"",""hostname"":""Kims-MacBook-Pro-16.local""}"
20260919T172639,2026-09-19T17:30:18.661+07:00,rl,mps,Apple M1 Pro (16-core GPU),ppo_mlp64,CartPole-v1,256,,fp32,measure,8,204.98778700857656,4995.419556176566,env_steps/s (end-to-end),,,61.27781090082135,,ok,,,"{""hidden"": 64, ""n_params"": 9155, ""num_envs"": 8, ""rollout_steps"": 128, ""policy_loss"": -0.0018292969325557351, ""value_loss"": 61.279640197753906, ""entropy"": 0.6383377313613892, ""env_s"": 0.009386500983964652, ""infer_s"": 0.11841732802713523, ""gae_s"": 0.001694792001217138, ""update_s"": 0.07548916599625954, ""env_steps"": 1024, ""grad_steps"": 16, ""env_steps_per_sec_env_only"": 109092.83467282873, ""env_steps_per_sec_end2end"": 4995.419556176566, ""train_steps_per_sec"": 211.95094407047486, ""mean_episode_return"": 43.85, ""episodes_finished"": 298}","{""torch"":""2.14.0"",""device_name"":""Apple M1 Pro (16-core GPU)"",""seed"":1234,""git_commit"":""2c24789d48523ca307f7e9c6d6bded783520cc40"",""code_sha256"":""ad2062058ca50491"",""hostname"":""Kims-MacBook-Pro-16.local""}"
20260919T172639,2026-09-19T17:30:18.890+07:00,rl,mps,Apple M1 Pro (16-core GPU),ppo_mlp64,CartPole-v1,256,,fp32,measure,9,206.81862308265409,4951.198227399296,env_steps/s (end-to-end),,,65.54353045369498,,ok,,,"{""hidden"": 64, ""n_params"": 9155, ""num_envs"": 8, ""rollout_steps"": 128, ""policy_loss"": -0.0014219388831406832, ""value_loss"": 65.54495239257812, ""entropy"": 0.6294297575950623, ""env_s"": 0.009260375016310718, ""infer_s"": 0.12001354006497422, ""gae_s"": 0.001756333003868349, ""update_s"": 0.0757883749975008, ""env_steps"": 1024, ""grad_steps"": 16, ""env_steps_per_sec_env_only"": 110578.67507486278, ""env_steps_per_sec_end2end"": 4951.198227399296, ""train_steps_per_sec"": 211.11417154052475, ""mean_episode_return"": 46.2, ""episodes_finished"": 321}","{""torch"":""2.14.0"",""device_name"":""Apple M1 Pro (16-core GPU)"",""seed"":1234,""git_commit"":""2c24789d48523ca307f7e9c6d6bded783520cc40"",""code_sha256"":""ad2062058ca50491"",""hostname"":""Kims-MacBook-Pro-16.local""}"
20260919T172639,2026-09-19T17:30:19.111+07:00,rl,mps,Apple M1 Pro (16-core GPU),ppo_mlp64,CartPole-v1,256,,fp32,measure,10,200.02592302626,5119.336456533018,env_steps/s (end-to-end),,,63.82529569909093,,ok,,,"{""hidden"": 64, ""n_params"": 9155, ""num_envs"": 8, ""rollout_steps"": 128, ""policy_loss"": -0.0003421182918827981, ""value_loss"": 63.82563781738281, ""entropy"": 0.6279487609863281, ""env_s"": 0.009152004022325855, ""infer_s"": 0.11720966899883933, ""gae_s"": 0.0016755830074544065, ""update_s"": 0.0719886669976404, ""env_steps"": 1024, ""grad_steps"": 16, ""env_steps_per_sec_env_only"": 111888.06271304114, ""env_steps_per_sec_end2end"": 5119.336456533018, ""train_steps_per_sec"": 222.25720613113228, ""mean_episode_return"": 49.75, ""episodes_finished"": 341}","{""torch"":""2.14.0"",""device_name"":""Apple M1 Pro (16-core GPU)"",""seed"":1234,""git_commit"":""2c24789d48523ca307f7e9c6d6bded783520cc40"",""code_sha256"":""ad2062058ca50491"",""hostname"":""Kims-MacBook-Pro-16.local""}"
20260919T172639,2026-09-19T17:30:19.344+07:00,rl,mps,Apple M1 Pro (16-core GPU),ppo_mlp64,CartPole-v1,256,,fp32,measure,11,212.50683901598677,4818.668447291549,env_steps/s (end-to-end),,,53.1958642846439,,ok,,,"{""hidden"": 64, ""n_params"": 9155, ""num_envs"": 8, ""rollout_steps"": 128, ""policy_loss"": -0.0013975256588310003, ""value_loss"": 53.197261810302734, ""entropy"": 0.6176220178604126, ""env_s"": 0.009197546998620965, ""infer_s"": 0.1216620410195901, ""gae_s"": 0.0017427089987904765, ""update_s"": 0.07990454199898522, ""env_steps"": 1024, ""grad_steps"": 16, ""env_steps_per_sec_env_only"": 111334.03288436944, ""env_steps_per_sec_end2end"": 4818.668447291549, ""train_steps_per_sec"": 200.23893009990843, ""mean_episode_return"": 40.15, ""episodes_finished"": 366}","{""torch"":""2.14.0"",""device_name"":""Apple M1 Pro (16-core GPU)"",""seed"":1234,""git_commit"":""2c24789d48523ca307f7e9c6d6bded783520cc40"",""code_sha256"":""ad2062058ca50491"",""hostname"":""Kims-MacBook-Pro-16.local""}"
20260919T172639,2026-09-19T17:30:19.573+07:00,rl,mps,Apple M1 Pro (16-core GPU),ppo_mlp64,CartPole-v1,256,,fp32,measure,12,204.8443380408571,4998.917762597659,env_steps/s (end-to-end),,,63.82688708952628,,ok,,,"{""hidden"": 64, ""n_params"": 9155, ""num_envs"": 8, ""rollout_steps"": 128, ""policy_loss"": -0.0022907669190317392, ""value_loss"": 63.82917785644531, ""entropy"": 0.61668860912323, ""env_s"": 0.009575335046974942, ""infer_s"": 0.12045279300218681, ""gae_s"": 0.0016690009942976758, ""update_s"": 0.07314720899739768, ""env_steps"": 1024, ""grad_steps"": 16, ""env_steps_per_sec_env_only"": 106941.42763427417, ""env_steps_per_sec_end2end"": 4998.917762597659, ""train_steps_per_sec"": 218.73698558436075, ""mean_episode_return"": 47.95, ""episodes_finished"": 384}","{""torch"":""2.14.0"",""device_name"":""Apple M1 Pro (16-core GPU)"",""seed"":1234,""git_commit"":""2c24789d48523ca307f7e9c6d6bded783520cc40"",""code_sha256"":""ad2062058ca50491"",""hostname"":""Kims-MacBook-Pro-16.local""}"
20260919T172639,2026-09-19T17:30:19.791+07:00,rl,mps,Apple M1 Pro (16-core GPU),ppo_mlp64,CartPole-v1,256,,fp32,measure,13,195.76770491403295,5230.689098846344,env_steps/s (end-to-end),,,73.99137918651104,,ok,,,"{""hidden"": 64, ""n_params"": 9155, ""num_envs"": 8, ""rollout_steps"": 128, ""policy_loss"": -0.0016856938600540161, ""value_loss"": 73.9930648803711, ""entropy"": 0.6203535795211792, ""env_s"": 0.0090859959309455, ""infer_s"": 0.1129952509800205, ""gae_s"": 0.0016932500002440065, ""update_s"": 0.07199320800282294, ""env_steps"": 1024, ""grad_steps"": 16, ""env_steps_per_sec_env_only"": 112700.90893530053, ""env_steps_per_sec_end2end"": 5230.689098846344, ""train_steps_per_sec"": 222.2431871541635, ""mean_episode_return"": 63.45, ""episodes_finished"": 397}","{""torch"":""2.14.0"",""device_name"":""Apple M1 Pro (16-core GPU)"",""seed"":1234,""git_commit"":""2c24789d48523ca307f7e9c6d6bded783520cc40"",""code_sha256"":""ad2062058ca50491"",""hostname"":""Kims-MacBook-Pro-16.local""}"
20260919T172639,2026-09-19T17:30:20.049+07:00,rl,mps,Apple M1 Pro (16-core GPU),ppo_mlp64,CartPole-v1,256,,fp32,measure,14,234.67099306435557,4363.555915575731,env_steps/s (end-to-end),,,59.316449069883674,,ok,,,"{""hidden"": 64, ""n_params"": 9155, ""num_envs"": 8, ""rollout_steps"": 128, ""policy_loss"": -0.0010329247452318668, ""value_loss"": 59.317481994628906, ""entropy"": 0.6101304292678833, ""env_s"": 0.010771167027996853, ""infer_s"": 0.12324632702802774, ""gae_s"": 0.0017662490063230507, ""update_s"": 0.09888725000200793, ""env_steps"": 1024, ""grad_steps"": 16, ""env_steps_per_sec_env_only"": 95068.6213795012, ""env_steps_per_sec_end2end"": 4363.555915575731, ""train_steps_per_sec"": 161.80043432975552, ""mean_episode_return"": 66.2, ""episodes_finished"": 417}","{""torch"":""2.14.0"",""device_name"":""Apple M1 Pro (16-core GPU)"",""seed"":1234,""git_commit"":""2c24789d48523ca307f7e9c6d6bded783520cc40"",""code_sha256"":""ad2062058ca50491"",""hostname"":""Kims-MacBook-Pro-16.local""}"
20260919T172639,2026-09-19T17:30:20.299+07:00,rl,mps,Apple M1 Pro (16-core GPU),ppo_mlp64,CartPole-v1,256,,fp32,measure,15,227.7068669864093,4497.009745696942,env_steps/s (end-to-end),,,61.766711320960894,,ok,,,"{""hidden"": 64, ""n_params"": 9155, ""num_envs"": 8, ""rollout_steps"": 128, ""policy_loss"": -0.001217756187543273, ""value_loss"": 61.76792907714844, ""entropy"": 0.6013148427009583, ""env_s"": 0.0096784129855223, ""infer_s"": 0.13015845300105866, ""gae_s"": 0.0017682920006336644, ""update_s"": 0.08610170899919467, ""env_steps"": 1024, ""grad_steps"": 16, ""env_steps_per_sec_env_only"": 105802.47004666741, ""env_steps_per_sec_end2end"": 4497.009745696942, ""train_steps_per_sec"": 185.82674125724557, ""mean_episode_return"": 52.75, ""episodes_finished"": 434}","{""torch"":""2.14.0"",""device_name"":""Apple M1 Pro (16-core GPU)"",""seed"":1234,""git_commit"":""2c24789d48523ca307f7e9c6d6bded783520cc40"",""code_sha256"":""ad2062058ca50491"",""hostname"":""Kims-MacBook-Pro-16.local""}"
20260919T172639,2026-09-19T17:30:20.529+07:00,rl,mps,Apple M1 Pro (16-core GPU),ppo_mlp64,CartPole-v1,256,,fp32,measure,16,209.5986590065877,4885.5274401722945,env_steps/s (end-to-end),,,65.21599042869639,,ok,,,"{""hidden"": 64, ""n_params"": 9155, ""num_envs"": 8, ""rollout_steps"": 128, ""policy_loss"": -0.001363392104394734, ""value_loss"": 65.21735382080078, ""entropy"": 0.5990266799926758, ""env_s"": 0.009004711981106084, ""infer_s"": 0.1191609470261028, ""gae_s"": 0.0016802079990156926, ""update_s"": 0.07975279200036312, ""env_steps"": 1024, ""grad_steps"": 16, ""env_steps_per_sec_env_only"": 113718.24020008446, ""env_steps_per_sec_end2end"": 4885.5274401722945, ""train_steps_per_sec"": 200.6199356622794, ""mean_episode_return"": 67.55, ""episodes_finished"": 449}","{""torch"":""2.14.0"",""device_name"":""Apple M1 Pro (16-core GPU)"",""seed"":1234,""git_commit"":""2c24789d48523ca307f7e9c6d6bded783520cc40"",""code_sha256"":""ad2062058ca50491"",""hostname"":""Kims-MacBook-Pro-16.local""}"
20260919T172639,2026-09-19T17:30:20.754+07:00,rl,mps,Apple M1 Pro (16-core GPU),ppo_mlp64,CartPole-v1,256,,fp32,measure,17,203.39283006615005,5034.592417377552,env_steps/s (end-to-end),,,58.99385460221674,,ok,,,"{""hidden"": 64, ""n_params"": 9155, ""num_envs"": 8, ""rollout_steps"": 128, ""policy_loss"": -0.0012473264941945672, ""value_loss"": 58.99510192871094, ""entropy"": 0.600882887840271, ""env_s"": 0.009005203028209507, ""infer_s"": 0.1152930850366829, ""gae_s"": 0.001679917004366871, ""update_s"": 0.07741462499689078, ""env_steps"": 1024, ""grad_steps"": 16, ""env_steps_per_sec_env_only"": 113712.03922801511, ""env_steps_per_sec_end2end"": 5034.592417377552, ""train_steps_per_sec"": 206.6792934880536, ""mean_episode_return"": 66.9, ""episodes_finished"": 465}","{""torch"":""2.14.0"",""device_name"":""Apple M1 Pro (16-core GPU)"",""seed"":1234,""git_commit"":""2c24789d48523ca307f7e9c6d6bded783520cc40"",""code_sha256"":""ad2062058ca50491"",""hostname"":""Kims-MacBook-Pro-16.local""}"
20260919T172639,2026-09-19T17:30:20.979+07:00,rl,mps,Apple M1 Pro (16-core GPU),ppo_mlp64,CartPole-v1,256,,fp32,measure,18,204.12799299083417,5016.4604324796355,env_steps/s (end-to-end),,,62.00694776175078,,ok,,,"{""hidden"": 64, ""n_params"": 9155, ""num_envs"": 8, ""rollout_steps"": 128, ""policy_loss"": -0.001280540251173079, ""value_loss"": 62.00822830200195, ""entropy"": 0.5987021923065186, ""env_s"": 0.008732621019589715, ""infer_s"": 0.11299303897249047, ""gae_s"": 0.0016789579967735335, ""update_s"": 0.08072337500198046, ""env_steps"": 1024, ""grad_steps"": 16, ""env_steps_per_sec_env_only"": 117261.47255249956, ""env_steps_per_sec_end2end"": 5016.4604324796355, ""train_steps_per_sec"": 198.2077681911523, ""mean_episode_return"": 68.55, ""episodes_finished"": 481}","{""torch"":""2.14.0"",""device_name"":""Apple M1 Pro (16-core GPU)"",""seed"":1234,""git_commit"":""2c24789d48523ca307f7e9c6d6bded783520cc40"",""code_sha256"":""ad2062058ca50491"",""hostname"":""Kims-MacBook-Pro-16.local""}"
20260919T172639,2026-09-19T17:30:21.213+07:00,rl,mps,Apple M1 Pro (16-core GPU),ppo_mlp64,CartPole-v1,256,,fp32,measure,19,213.2543720799731,4801.777286029038,env_steps/s (end-to-end),,,71.97745735547505,,ok,,,"{""hidden"": 64, ""n_params"": 9155, ""num_envs"": 8, ""rollout_steps"": 128, ""policy_loss"": -0.0009972343686968088, ""value_loss"": 71.97845458984375, ""entropy"": 0.6096861362457275, ""env_s"": 0.009155127030680887, ""infer_s"": 0.1207392020514817, ""gae_s"": 0.0016965009999694303, ""update_s"": 0.0816635419978411, ""env_steps"": 1024, ""grad_steps"": 16, ""env_steps_per_sec_env_only"": 111849.89531749215, ""env_steps_per_sec_end2end"": 4801.777286029038, ""train_steps_per_sec"": 195.92586371557317, ""mean_episode_return"": 71.85, ""episodes_finished"": 490}","{""torch"":""2.14.0"",""device_name"":""Apple M1 Pro (16-core GPU)"",""seed"":1234,""git_commit"":""2c24789d48523ca307f7e9c6d6bded783520cc40"",""code_sha256"":""ad2062058ca50491"",""hostname"":""Kims-MacBook-Pro-16.local""}"
20260919T172639,2026-09-19T17:30:21.426+07:00,rl,mps,Apple M1 Pro (16-core GPU),ppo_mlp64,CartPole-v1,256,,fp32,measure,20,190.8339668516419,5365.921051130682,env_steps/s (end-to-end),,,65.5029604290612,,ok,,,"{""hidden"": 64, ""n_params"": 9155, ""num_envs"": 8, ""rollout_steps"": 128, ""policy_loss"": -0.002128377091139555, ""value_loss"": 65.50508880615234, ""entropy"": 0.6102554202079773, ""env_s"": 0.00888574694545241, ""infer_s"": 0.11164851192006608, ""gae_s"": 0.0016826249920995906, ""update_s"": 0.0686170829940238, ""env_steps"": 1024, ""grad_steps"": 16, ""env_steps_per_sec_env_only"": 115240.73398512295, ""env_steps_per_sec_end2end"": 5365.921051130682, ""train_steps_per_sec"": 233.1780848421306, ""mean_episode_return"": 87.3, ""episodes_finished"": 501}","{""torch"":""2.14.0"",""device_name"":""Apple M1 Pro (16-core GPU)"",""seed"":1234,""git_commit"":""2c24789d48523ca307f7e9c6d6bded783520cc40"",""code_sha256"":""ad2062058ca50491"",""hostname"":""Kims-MacBook-Pro-16.local""}"
20260919T172639,2026-09-19T17:30:21.661+07:00,rl,mps,Apple M1 Pro (16-core GPU),ppo_mlp64,CartPole-v1,256,,fp32,measure,21,209.46109299256932,4888.736067257735,env_steps/s (end-to-end),,,57.67711910745129,,ok,,,"{""hidden"": 64, ""n_params"": 9155, ""num_envs"": 8, ""rollout_steps"": 128, ""policy_loss"": -0.0018016383983194828, ""value_loss"": 57.67892074584961, ""entropy"": 0.6004671454429626, ""env_s"": 0.00940837799134897, ""infer_s"": 0.11393346600380028, ""gae_s"": 0.001692582998657599, ""update_s"": 0.08442666599876247, ""env_steps"": 1024, ""grad_steps"": 16, ""env_steps_per_sec_env_only"": 108839.16451290231, ""env_steps_per_sec_end2end"": 4888.736067257735, ""train_steps_per_sec"": 189.51358330594894, ""mean_episode_return"": 83.35, ""episodes_finished"": 516}","{""torch"":""2.14.0"",""device_name"":""Apple M1 Pro (16-core GPU)"",""seed"":1234,""git_commit"":""2c24789d48523ca307f7e9c6d6bded783520cc40"",""code_sha256"":""ad2062058ca50491"",""hostname"":""Kims-MacBook-Pro-16.local""}"
20260919T172639,2026-09-19T17:30:21.887+07:00,rl,mps,Apple M1 Pro (16-core GPU),ppo_mlp64,CartPole-v1,256,,fp32,measure,22,204.8010791259003,4999.973654291645,env_steps/s (end-to-end),,,75.18790398153942,,ok,,,"{""hidden"": 64, ""n_params"": 9155, ""num_envs"": 8, ""rollout_steps"": 128, ""policy_loss"": -0.0007251688512042165, ""value_loss"": 75.18862915039062, ""entropy"": 0.6115366220474243, ""env_s"": 0.008949913069955073, ""infer_s"": 0.11323679104680195, ""gae_s"": 0.0017229580043931492, ""update_s"": 0.08089141700475011, ""env_steps"": 1024, ""grad_steps"": 16, ""env_steps_per_sec_env_only"": 114414.51911276947, ""env_steps_per_sec_end2end"": 4999.973654291645, ""train_steps_per_sec"": 197.79601584999367, ""mean_episode_return"": 83.65, ""episodes_finished"": 523}","{""torch"":""2.14.0"",""device_name"":""Apple M1 Pro (16-core GPU)"",""seed"":1234,""git_commit"":""2c24789d48523ca307f7e9c6d6bded783520cc40"",""code_sha256"":""ad2062058ca50491"",""hostname"":""Kims-MacBook-Pro-16.local""}"
20260919T172639,2026-09-19T17:30:22.124+07:00,rl,mps,Apple M1 Pro (16-core GPU),ppo_mlp64,CartPole-v1,256,,fp32,measure,23,215.27596705709584,4756.68517019558,env_steps/s (end-to-end),,,57.00418860767968,,ok,,,"{""hidden"": 64, ""n_params"": 9155, ""num_envs"": 8, ""rollout_steps"": 128, ""policy_loss"": -0.00198357249610126, ""value_loss"": 57.00617218017578, ""entropy"": 0.5960027575492859, ""env_s"": 0.009177925036055967, ""infer_s"": 0.12067420801758999, ""gae_s"": 0.0017026670029736124, ""update_s"": 0.08372116700047627, ""env_steps"": 1024, ""grad_steps"": 16, ""env_steps_per_sec_env_only"": 111572.05969510118, ""env_steps_per_sec_end2end"": 4756.68517019558, ""train_steps_per_sec"": 191.11057063871291, ""mean_episode_return"": 97.1, ""episodes_finished"": 537}","{""torch"":""2.14.0"",""device_name"":""Apple M1 Pro (16-core GPU)"",""seed"":1234,""git_commit"":""2c24789d48523ca307f7e9c6d6bded783520cc40"",""code_sha256"":""ad2062058ca50491"",""hostname"":""Kims-MacBook-Pro-16.local""}"
20260919T172639,2026-09-19T17:30:22.356+07:00,rl,mps,Apple M1 Pro (16-core GPU),ppo_mlp64,CartPole-v1,256,,fp32,measure,24,210.1552859749063,4872.587407210263,env_steps/s (end-to-end),,,65.42725731758401,,ok,,,"{""hidden"": 64, ""n_params"": 9155, ""num_envs"": 8, ""rollout_steps"": 128, ""policy_loss"": -0.0014993962831795216, ""value_loss"": 65.42875671386719, ""entropy"": 0.6133104562759399, ""env_s"": 0.009055705966602545, ""infer_s"": 0.12201887201081263, ""gae_s"": 0.0017067500011762604, ""update_s"": 0.07737395799631486, ""env_steps"": 1024, ""grad_steps"": 16, ""env_steps_per_sec_env_only"": 113077.87639931258, ""env_steps_per_sec_end2end"": 4872.587407210263, ""train_steps_per_sec"": 206.78792211666416, ""mean_episode_return"": 97.0, ""episodes_finished"": 545}","{""torch"":""2.14.0"",""device_name"":""Apple M1 Pro (16-core GPU)"",""seed"":1234,""git_commit"":""2c24789d48523ca307f7e9c6d6bded783520cc40"",""code_sha256"":""ad2062058ca50491"",""hostname"":""Kims-MacBook-Pro-16.local""}"
20260919T172639,2026-09-19T17:30:22.571+07:00,rl,mps,Apple M1 Pro (16-core GPU),ppo_mlp64,CartPole-v1,256,,fp32,measure,25,194.9089599729632,5253.734872640253,env_steps/s (end-to-end),,,57.6720976914512,,ok,,,"{""hidden"": 64, ""n_params"": 9155, ""num_envs"": 8, ""rollout_steps"": 128, ""policy_loss"": -0.0014405165566131473, ""value_loss"": 57.67353820800781, ""entropy"": 0.5914092063903809, ""env_s"": 0.00862220699491445, ""infer_s"": 0.10826754497975344, ""gae_s"": 0.001697249994322192, ""update_s"": 0.07632195800397312, ""env_steps"": 1024, ""grad_steps"": 16, ""env_steps_per_sec_env_only"": 118763.0963399482, ""env_steps_per_sec_end2end"": 5253.734872640253, ""train_steps_per_sec"": 209.6382275618123, ""mean_episode_return"": 107.6, ""episodes_finished"": 556}","{""torch"":""2.14.0"",""device_name"":""Apple M1 Pro (16-core GPU)"",""seed"":1234,""git_commit"":""2c24789d48523ca307f7e9c6d6bded783520cc40"",""code_sha256"":""ad2062058ca50491"",""hostname"":""Kims-MacBook-Pro-16.local""}"
20260919T172639,2026-09-19T17:30:22.798+07:00,rl,mps,Apple M1 Pro (16-core GPU),ppo_mlp64,CartPole-v1,256,,fp32,measure,26,202.97449491044972,5044.968829466867,env_steps/s (end-to-end),,,64.93964099232107,,ok,,,"{""hidden"": 64, ""n_params"": 9155, ""num_envs"": 8, ""rollout_steps"": 128, ""policy_loss"": -0.001429564319550991, ""value_loss"": 64.94107055664062, ""entropy"": 0.5890430212020874, ""env_s"": 0.009510413961834274, ""infer_s"": 0.11729133095650468, ""gae_s"": 0.0016825829952722415, ""update_s"": 0.07449016699683852, ""env_steps"": 1024, ""grad_steps"": 16, ""env_steps_per_sec_env_only"": 107671.4435469748, ""env_steps_per_sec_end2end"": 5044.968829466867, ""train_steps_per_sec"": 214.79345053259263, ""mean_episode_return"": 107.35, ""episodes_finished"": 563}","{""torch"":""2.14.0"",""device_name"":""Apple M1 Pro (16-core GPU)"",""seed"":1234,""git_commit"":""2c24789d48523ca307f7e9c6d6bded783520cc40"",""code_sha256"":""ad2062058ca50491"",""hostname"":""Kims-MacBook-Pro-16.local""}"
20260919T172639,2026-09-19T17:30:23.024+07:00,rl,mps,Apple M1 Pro (16-core GPU),ppo_mlp64,CartPole-v1,256,,fp32,measure,27,205.88520607270766,4973.645360601469,env_steps/s (end-to-end),,,69.82324028562289,,ok,,,"{""hidden"": 64, ""n_params"": 9155, ""num_envs"": 8, ""rollout_steps"": 128, ""policy_loss"": -0.0009555761935189366, ""value_loss"": 69.8241958618164, ""entropy"": 0.5950649976730347, ""env_s"": 0.009011876012664288, ""infer_s"": 0.11804453907097923, ""gae_s"": 0.0016717079925001599, ""update_s"": 0.07715708299656399, ""env_steps"": 1024, ""grad_steps"": 16, ""env_steps_per_sec_env_only"": 113627.83937117913, ""env_steps_per_sec_end2end"": 4973.645360601469, ""train_steps_per_sec"": 207.3691666222338, ""mean_episode_return"": 117.25, ""episodes_finished"": 570}","{""torch"":""2.14.0"",""device_name"":""Apple M1 Pro (16-core GPU)"",""seed"":1234,""git_commit"":""2c24789d48523ca307f7e9c6d6bded783520cc40"",""code_sha256"":""ad2062058ca50491"",""hostname"":""Kims-MacBook-Pro-16.local""}"
20260919T172639,2026-09-19T17:30:23.258+07:00,rl,mps,Apple M1 Pro (16-core GPU),ppo_mlp64,CartPole-v1,256,,fp32,measure,28,211.51300396741135,4841.309899592612,env_steps/s (end-to-end),,,68.64844439178705,,ok,,,"{""hidden"": 64, ""n_params"": 9155, ""num_envs"": 8, ""rollout_steps"": 128, ""policy_loss"": -0.0011375173926353455, ""value_loss"": 68.64958190917969, ""entropy"": 0.5930765271186829, ""env_s"": 0.009074040994164534, ""infer_s"": 0.12121646298328415, ""gae_s"": 0.0017249999946216121, ""update_s"": 0.07949749999534106, ""env_steps"": 1024, ""grad_steps"": 16, ""env_steps_per_sec_env_only"": 112849.3909889242, ""env_steps_per_sec_end2end"": 4841.309899592612, ""train_steps_per_sec"": 201.26419070961575, ""mean_episode_return"": 118.4, ""episodes_finished"": 575}","{""torch"":""2.14.0"",""device_name"":""Apple M1 Pro (16-core GPU)"",""seed"":1234,""git_commit"":""2c24789d48523ca307f7e9c6d6bded783520cc40"",""code_sha256"":""ad2062058ca50491"",""hostname"":""Kims-MacBook-Pro-16.local""}"
20260919T172639,2026-09-19T17:30:23.477+07:00,rl,mps,Apple M1 Pro (16-core GPU),ppo_mlp64,CartPole-v1,256,,fp32,measure,29,197.9807130919653,5172.220990659505,env_steps/s (end-to-end),,,69.30373636318836,,ok,,,"{""hidden"": 64, ""n_params"": 9155, ""num_envs"": 8, ""rollout_steps"": 128, ""policy_loss"": -0.0008290664991363883, ""value_loss"": 69.3045654296875, ""entropy"": 0.5949751138687134, ""env_s"": 0.009027878048073035, ""infer_s"": 0.11465029303508345, ""gae_s"": 0.0016912920036702417, ""update_s"": 0.07261125000513857, ""env_steps"": 1024, ""grad_steps"": 16, ""env_steps_per_sec_env_only"": 113426.43249579216, ""env_steps_per_sec_end2end"": 5172.220990659505, ""train_steps_per_sec"": 220.35152953389053, ""mean_episode_return"": 161.9, ""episodes_finished"": 580}","{""torch"":""2.14.0"",""device_name"":""Apple M1 Pro (16-core GPU)"",""seed"":1234,""git_commit"":""2c24789d48523ca307f7e9c6d6bded783520cc40"",""code_sha256"":""ad2062058ca50491"",""hostname"":""Kims-MacBook-Pro-16.local""}"
20260919T172639,2026-09-19T17:30:23.477+07:00,rl,mps,Apple M1 Pro (16-core GPU),ppo_mlp64,CartPole-v1,256,,fp32,config,,,,,18.625,"mps_driver_allocated_memory (snapshot after work, not a peak; includes allocator cache)",,,ok,,,"{""hidden"": 64, ""n_params"": 9155, ""num_envs"": 8, ""rollout_steps"": 128, ""total_env_steps"": 30720, ""process_rss_mb"": 485.171875, ""mps_current_allocated_mb"": 0.27734375, ""mps_driver_allocated_mb"": 18.625}","{""torch"":""2.14.0"",""device_name"":""Apple M1 Pro (16-core GPU)"",""seed"":1234,""git_commit"":""2c24789d48523ca307f7e9c6d6bded783520cc40"",""code_sha256"":""ad2062058ca50491"",""hostname"":""Kims-MacBook-Pro-16.local""}"
20260919T172639,2026-09-19T17:30:23.981+07:00,rl,mps,Apple M1 Pro (16-core GPU),ppo_mlp512,CartPole-v1,256,,fp32,measure,0,311.61974898714107,3286.05617368062,env_steps/s (end-to-end),,,44.659275685437024,,ok,,,"{""hidden"": 512, ""n_params"": 531971, ""num_envs"": 8, ""rollout_steps"": 128, ""policy_loss"": -0.01166089903563261, ""value_loss"": 44.670936584472656, ""entropy"": 0.6905320286750793, ""env_s"": 0.009657163005613256, ""infer_s"": 0.1223744609815185, ""gae_s"": 0.0017206249976879917, ""update_s"": 0.17786750000232132, ""env_steps"": 1024, ""grad_steps"": 16, ""env_steps_per_sec_env_only"": 106035.28172868126, ""env_steps_per_sec_end2end"": 3286.05617368062, ""train_steps_per_sec"": 89.95460103611501, ""mean_episode_return"": 21.1, ""episodes_finished"": 40}","{""torch"":""2.14.0"",""device_name"":""Apple M1 Pro (16-core GPU)"",""seed"":1234,""git_commit"":""2c24789d48523ca307f7e9c6d6bded783520cc40"",""code_sha256"":""ad2062058ca50491"",""hostname"":""Kims-MacBook-Pro-16.local""}"
20260919T172639,2026-09-19T17:30:24.269+07:00,rl,mps,Apple M1 Pro (16-core GPU),ppo_mlp512,CartPole-v1,256,,fp32,measure,1,265.4519719289965,3857.5716449147385,env_steps/s (end-to-end),,,43.98827111721039,,ok,,,"{""hidden"": 512, ""n_params"": 531971, ""num_envs"": 8, ""rollout_steps"": 128, ""policy_loss"": -0.006754517555236816, ""value_loss"": 43.995025634765625, ""entropy"": 0.6759790778160095, ""env_s"": 0.011412341977120377, ""infer_s"": 0.1388484209528542, ""gae_s"": 0.0017914999989443459, ""update_s"": 0.11339970900007756, ""env_steps"": 1024, ""grad_steps"": 16, ""env_steps_per_sec_env_only"": 89727.41984536825, ""env_steps_per_sec_end2end"": 3857.5716449147385, ""train_steps_per_sec"": 141.09383649290544, ""mean_episode_return"": 23.65, ""episodes_finished"": 80}","{""torch"":""2.14.0"",""device_name"":""Apple M1 Pro (16-core GPU)"",""seed"":1234,""git_commit"":""2c24789d48523ca307f7e9c6d6bded783520cc40"",""code_sha256"":""ad2062058ca50491"",""hostname"":""Kims-MacBook-Pro-16.local""}"
20260919T172639,2026-09-19T17:30:24.557+07:00,rl,mps,Apple M1 Pro (16-core GPU),ppo_mlp512,CartPole-v1,256,,fp32,measure,2,264.3777500052238,3873.2457628517036,env_steps/s (end-to-end),,,53.662361175753176,,ok,,,"{""hidden"": 512, ""n_params"": 531971, ""num_envs"": 8, ""rollout_steps"": 128, ""policy_loss"": -0.004379241727292538, ""value_loss"": 53.66674041748047, ""entropy"": 0.6682311296463013, ""env_s"": 0.011532711017935071, ""infer_s"": 0.139374455982761, ""gae_s"": 0.0020344580043456517, ""update_s"": 0.11143612500018207, ""env_steps"": 1024, ""grad_steps"": 16, ""env_steps_per_sec_env_only"": 88790.9181464383, ""env_steps_per_sec_end2end"": 3873.2457628517036, ""train_steps_per_sec"": 143.58001052148805, ""mean_episode_return"": 34.2, ""episodes_finished"": 112}","{""torch"":""2.14.0"",""device_name"":""Apple M1 Pro (16-core GPU)"",""seed"":1234,""git_commit"":""2c24789d48523ca307f7e9c6d6bded783520cc40"",""code_sha256"":""ad2062058ca50491"",""hostname"":""Kims-MacBook-Pro-16.local""}"
20260919T172639,2026-09-19T17:30:24.823+07:00,rl,mps,Apple M1 Pro (16-core GPU),ppo_mlp512,CartPole-v1,256,,fp32,measure,3,244.29917395173106,4191.581917515297,env_steps/s (end-to-end),,,51.76526317000389,,ok,,,"{""hidden"": 512, ""n_params"": 531971, ""num_envs"": 8, ""rollout_steps"": 128, ""policy_loss"": -0.004664808511734009, ""value_loss"": 51.769927978515625, ""entropy"": 0.6591295003890991, ""env_s"": 0.009990625949285459, ""infer_s"": 0.13153221499669598, ""gae_s"": 0.0018890410065068863, ""update_s"": 0.10088729199924273, ""env_steps"": 1024, ""grad_steps"": 16, ""env_steps_per_sec_env_only"": 102496.08034552007, ""env_steps_per_sec_end2end"": 4191.581917515297, ""train_steps_per_sec"": 158.59281860910784, ""mean_episode_return"": 41.3, ""episodes_finished"": 139}","{""torch"":""2.14.0"",""device_name"":""Apple M1 Pro (16-core GPU)"",""seed"":1234,""git_commit"":""2c24789d48523ca307f7e9c6d6bded783520cc40"",""code_sha256"":""ad2062058ca50491"",""hostname"":""Kims-MacBook-Pro-16.local""}"
20260919T172639,2026-09-19T17:30:25.069+07:00,rl,mps,Apple M1 Pro (16-core GPU),ppo_mlp512,CartPole-v1,256,,fp32,measure,4,223.24295300495578,4586.93090293098,env_steps/s (end-to-end),,,48.018015234032646,,ok,,,"{""hidden"": 512, ""n_params"": 531971, ""num_envs"": 8, ""rollout_steps"": 128, ""policy_loss"": -0.0029350833501666784, ""value_loss"": 48.02095031738281, ""entropy"": 0.6452687978744507, ""env_s"": 0.010176700030569918, ""infer_s"": 0.1245672119766823, ""gae_s"": 0.0016832080000312999, ""update_s"": 0.08681583299767226, ""env_steps"": 1024, ""grad_steps"": 16, ""env_steps_per_sec_env_only"": 100622.0087969571, ""env_steps_per_sec_end2end"": 4586.93090293098, ""train_steps_per_sec"": 184.29817980815778, ""mean_episode_return"": 40.85, ""episodes_finished"": 161}","{""torch"":""2.14.0"",""device_name"":""Apple M1 Pro (16-core GPU)"",""seed"":1234,""git_commit"":""2c24789d48523ca307f7e9c6d6bded783520cc40"",""code_sha256"":""ad2062058ca50491"",""hostname"":""Kims-MacBook-Pro-16.local""}"
20260919T172639,2026-09-19T17:30:25.321+07:00,rl,mps,Apple M1 Pro (16-core GPU),ppo_mlp512,CartPole-v1,256,,fp32,measure,5,227.89312000531936,4493.334419117604,env_steps/s (end-to-end),,,40.50102362292819,,ok,,,"{""hidden"": 512, ""n_params"": 531971, ""num_envs"": 8, ""rollout_steps"": 128, ""policy_loss"": -0.001524594845250249, ""value_loss"": 40.50254821777344, ""entropy"": 0.6412050724029541, ""env_s"": 0.010073413017380517, ""infer_s"": 0.1278500819898909, ""gae_s"": 0.0016791250018286519, ""update_s"": 0.0882904999962193, ""env_steps"": 1024, ""grad_steps"": 16, ""env_steps_per_sec_env_only"": 101653.72930040747, ""env_steps_per_sec_end2end"": 4493.334419117604, ""train_steps_per_sec"": 181.21995005901132, ""mean_episode_return"": 46.3, ""episodes_finished"": 186}","{""torch"":""2.14.0"",""device_name"":""Apple M1 Pro (16-core GPU)"",""seed"":1234,""git_commit"":""2c24789d48523ca307f7e9c6d6bded783520cc40"",""code_sha256"":""ad2062058ca50491"",""hostname"":""Kims-MacBook-Pro-16.local""}"
20260919T172639,2026-09-19T17:30:25.556+07:00,rl,mps,Apple M1 Pro (16-core GPU),ppo_mlp512,CartPole-v1,256,,fp32,measure,6,214.53621299588121,4773.086956744498,env_steps/s (end-to-end),,,42.072704925900325,,ok,,,"{""hidden"": 512, ""n_params"": 531971, ""num_envs"": 8, ""rollout_steps"": 128, ""policy_loss"": -0.001323089236393571, ""value_loss"": 42.07402801513672, ""entropy"": 0.637681245803833, ""env_s"": 0.009608248001313768, ""infer_s"": 0.11600163199182134, ""gae_s"": 0.001680000001215376, ""update_s"": 0.08724633300153073, ""env_steps"": 1024, ""grad_steps"": 16, ""env_steps_per_sec_env_only"": 106575.10087791084, ""env_steps_per_sec_end2end"": 4773.086956744498, ""train_steps_per_sec"": 183.38879640613985, ""mean_episode_return"": 45.55, ""episodes_finished"": 204}","{""torch"":""2.14.0"",""device_name"":""Apple M1 Pro (16-core GPU)"",""seed"":1234,""git_commit"":""2c24789d48523ca307f7e9c6d6bded783520cc40"",""code_sha256"":""ad2062058ca50491"",""hostname"":""Kims-MacBook-Pro-16.local""}"
20260919T172639,2026-09-19T17:30:25.804+07:00,rl,mps,Apple M1 Pro (16-core GPU),ppo_mlp512,CartPole-v1,256,,fp32,measure,7,225.12800507684005,4548.523404054024,env_steps/s (end-to-end),,,33.72707753907889,,ok,,,"{""hidden"": 512, ""n_params"": 531971, ""num_envs"": 8, ""rollout_steps"": 128, ""policy_loss"": -0.0025329040363430977, ""value_loss"": 33.729610443115234, ""entropy"": 0.6286150217056274, ""env_s"": 0.009456421052163932, ""infer_s"": 0.12118408502283273, ""gae_s"": 0.0017086660009226762, ""update_s"": 0.09277883300092071, ""env_steps"": 1024, ""grad_steps"": 16, ""env_steps_per_sec_env_only"": 108286.21043324588, ""env_steps_per_sec_end2end"": 4548.523404054024, ""train_steps_per_sec"": 172.4531283966594, ""mean_episode_return"": 48.1, ""episodes_finished"": 227}","{""torch"":""2.14.0"",""device_name"":""Apple M1 Pro (16-core GPU)"",""seed"":1234,""git_commit"":""2c24789d48523ca307f7e9c6d6bded783520cc40"",""code_sha256"":""ad2062058ca50491"",""hostname"":""Kims-MacBook-Pro-16.local""}"
20260919T172639,2026-09-19T17:30:26.070+07:00,rl,mps,Apple M1 Pro (16-core GPU),ppo_mlp512,CartPole-v1,256,,fp32,measure,8,245.33611605875194,4173.865700860681,env_steps/s (end-to-end),,,36.07322642300278,,ok,,,"{""hidden"": 512, ""n_params"": 531971, ""num_envs"": 8, ""rollout_steps"": 128, ""policy_loss"": -0.003624468110501766, ""value_loss"": 36.07685089111328, ""entropy"": 0.6191331744194031, ""env_s"": 0.00933866408013273, ""infer_s"": 0.1200036619848106, ""gae_s"": 0.0017204569958266802, ""update_s"": 0.11427333299798192, ""env_steps"": 1024, ""grad_steps"": 16, ""env_steps_per_sec_env_only"": 109651.6580116078, ""env_steps_per_sec_end2end"": 4173.865700860681, ""train_steps_per_sec"": 140.01516872079475, ""mean_episode_return"": 53.25, ""episodes_finished"": 249}","{""torch"":""2.14.0"",""device_name"":""Apple M1 Pro (16-core GPU)"",""seed"":1234,""git_commit"":""2c24789d48523ca307f7e9c6d6bded783520cc40"",""code_sha256"":""ad2062058ca50491"",""hostname"":""Kims-MacBook-Pro-16.local""}"
20260919T172639,2026-09-19T17:30:26.331+07:00,rl,mps,Apple M1 Pro (16-core GPU),ppo_mlp512,CartPole-v1,256,,fp32,measure,9,237.3471629980486,4314.355339517663,env_steps/s (end-to-end),,,46.06808665860444,,ok,,,"{""hidden"": 512, ""n_params"": 531971, ""num_envs"": 8, ""rollout_steps"": 128, ""policy_loss"": -0.004796947352588177, ""value_loss"": 46.07288360595703, ""entropy"": 0.6220449805259705, ""env_s"": 0.010754832008387893, ""infer_s"": 0.12970624799345387, ""gae_s"": 0.001724499998090323, ""update_s"": 0.0951615829981165, ""env_steps"": 1024, ""grad_steps"": 16, ""env_steps_per_sec_env_only"": 95213.01673530217, ""env_steps_per_sec_end2end"": 4314.355339517663, ""train_steps_per_sec"": 168.13507610856664, ""mean_episode_return"": 60.95, ""episodes_finished"": 263}","{""torch"":""2.14.0"",""device_name"":""Apple M1 Pro (16-core GPU)"",""seed"":1234,""git_commit"":""2c24789d48523ca307f7e9c6d6bded783520cc40"",""code_sha256"":""ad2062058ca50491"",""hostname"":""Kims-MacBook-Pro-16.local""}"
20260919T172639,2026-09-19T17:30:26.572+07:00,rl,mps,Apple M1 Pro (16-core GPU),ppo_mlp512,CartPole-v1,256,,fp32,measure,10,219.6009590261383,4663.00331538223,env_steps/s (end-to-end),,,45.76386999711394,,ok,,,"{""hidden"": 512, ""n_params"": 531971, ""num_envs"": 8, ""rollout_steps"": 128, ""policy_loss"": -0.0046694315969944, ""value_loss"": 45.76853942871094, ""entropy"": 0.605530858039856, ""env_s"": 0.009313623049820308, ""infer_s"": 0.12020804398343898, ""gae_s"": 0.0016748329944675788, ""update_s"": 0.08840445899841143, ""env_steps"": 1024, ""grad_steps"": 16, ""env_steps_per_sec_env_only"": 109946.4724439064, ""env_steps_per_sec_end2end"": 4663.00331538223, ""train_steps_per_sec"": 180.9863459521596, ""mean_episode_return"": 74.8, ""episodes_finished"": 276}","{""torch"":""2.14.0"",""device_name"":""Apple M1 Pro (16-core GPU)"",""seed"":1234,""git_commit"":""2c24789d48523ca307f7e9c6d6bded783520cc40"",""code_sha256"":""ad2062058ca50491"",""hostname"":""Kims-MacBook-Pro-16.local""}"
20260919T172639,2026-09-19T17:30:26.828+07:00,rl,mps,Apple M1 Pro (16-core GPU),ppo_mlp512,CartPole-v1,256,,fp32,measure,11,234.63624696887564,4364.202092508891,env_steps/s (end-to-end),,,37.620667960029095,,ok,,,"{""hidden"": 512, ""n_params"": 531971, ""num_envs"": 8, ""rollout_steps"": 128, ""policy_loss"": -0.0033631068654358387, ""value_loss"": 37.62403106689453, ""entropy"": 0.6123572587966919, ""env_s"": 0.009590537963958923, ""infer_s"": 0.12277591699239565, ""gae_s"": 0.001709917007246986, ""update_s"": 0.10055987500527408, ""env_steps"": 1024, ""grad_steps"": 16, ""env_steps_per_sec_env_only"": 106771.90412552189, ""env_steps_per_sec_end2end"": 4364.202092508891, ""train_steps_per_sec"": 159.1091874284932, ""mean_episode_return"": 83.45, ""episodes_finished"": 286}","{""torch"":""2.14.0"",""device_name"":""Apple M1 Pro (16-core GPU)"",""seed"":1234,""git_commit"":""2c24789d48523ca307f7e9c6d6bded783520cc40"",""code_sha256"":""ad2062058ca50491"",""hostname"":""Kims-MacBook-Pro-16.local""}"
20260919T172639,2026-09-19T17:30:27.065+07:00,rl,mps,Apple M1 Pro (16-core GPU),ppo_mlp512,CartPole-v1,256,,fp32,measure,12,215.66133997839643,4748.185280229539,env_steps/s (end-to-end),,,47.678725520847365,,ok,,,"{""hidden"": 512, ""n_params"": 531971, ""num_envs"": 8, ""rollout_steps"": 128, ""policy_loss"": -0.00288458657450974, ""value_loss"": 47.681610107421875, ""entropy"": 0.6124860048294067, ""env_s"": 0.009316214949649293, ""infer_s"": 0.11722216702764854, ""gae_s"": 0.001710083000943996, ""update_s"": 0.0874128750001546, ""env_steps"": 1024, ""grad_steps"": 16, ""env_steps_per_sec_env_only"": 109915.88381486929, ""env_steps_per_sec_end2end"": 4748.185280229539, ""train_steps_per_sec"": 183.03939780005751, ""mean_episode_return"": 88.1, ""episodes_finished"": 293}","{""torch"":""2.14.0"",""device_name"":""Apple M1 Pro (16-core GPU)"",""seed"":1234,""git_commit"":""2c24789d48523ca307f7e9c6d6bded783520cc40"",""code_sha256"":""ad2062058ca50491"",""hostname"":""Kims-MacBook-Pro-16.local""}"
20260919T172639,2026-09-19T17:30:27.311+07:00,rl,mps,Apple M1 Pro (16-core GPU),ppo_mlp512,CartPole-v1,256,,fp32,measure,13,224.3781649012817,4563.723927640299,env_steps/s (end-to-end),,,54.38654895918444,,ok,,,"{""hidden"": 512, ""n_params"": 531971, ""num_envs"": 8, ""rollout_steps"": 128, ""policy_loss"": -0.00628093583509326, ""value_loss"": 54.39282989501953, ""entropy"": 0.5949866771697998, ""env_s"": 0.009505580987024587, ""infer_s"": 0.1236446249022265, ""gae_s"": 0.001740000006975606, ""update_s"": 0.08948795900505502, ""env_steps"": 1024, ""grad_steps"": 16, ""env_steps_per_sec_env_only"": 107726.18753107167, ""env_steps_per_sec_end2end"": 4563.723927640299, ""train_steps_per_sec"": 178.7950041311836, ""mean_episode_return"": 93.45, ""episodes_finished"": 300}","{""torch"":""2.14.0"",""device_name"":""Apple M1 Pro (16-core GPU)"",""seed"":1234,""git_commit"":""2c24789d48523ca307f7e9c6d6bded783520cc40"",""code_sha256"":""ad2062058ca50491"",""hostname"":""Kims-MacBook-Pro-16.local""}"
20260919T172639,2026-09-19T17:30:27.555+07:00,rl,mps,Apple M1 Pro (16-core GPU),ppo_mlp512,CartPole-v1,256,,fp32,measure,14,222.27542699693004,4606.897009871194,env_steps/s (end-to-end),,,51.79165758215822,,ok,,,"{""hidden"": 512, ""n_params"": 531971, ""num_envs"": 8, ""rollout_steps"": 128, ""policy_loss"": -0.0022648421581834555, ""value_loss"": 51.793922424316406, ""entropy"": 0.5911819934844971, ""env_s"": 0.009578421988408081, ""infer_s"": 0.12331433800136438, ""gae_s"": 0.0016993340032058768, ""update_s"": 0.0876833330039517, ""env_steps"": 1024, ""grad_steps"": 16, ""env_steps_per_sec_env_only"": 106906.96246618251, ""env_steps_per_sec_end2end"": 4606.897009871194, ""train_steps_per_sec"": 182.4748153594813, ""mean_episode_return"": 135.95, ""episodes_finished"": 308}","{""torch"":""2.14.0"",""device_name"":""Apple M1 Pro (16-core GPU)"",""seed"":1234,""git_commit"":""2c24789d48523ca307f7e9c6d6bded783520cc40"",""code_sha256"":""ad2062058ca50491"",""hostname"":""Kims-MacBook-Pro-16.local""}"
20260919T172639,2026-09-19T17:30:27.792+07:00,rl,mps,Apple M1 Pro (16-core GPU),ppo_mlp512,CartPole-v1,256,,fp32,measure,15,216.43308389320737,4731.254490211224,env_steps/s (end-to-end),,,50.48981172358617,,ok,,,"{""hidden"": 512, ""n_params"": 531971, ""num_envs"": 8, ""rollout_steps"": 128, ""policy_loss"": -0.0018264600075781345, ""value_loss"": 50.49163818359375, ""entropy"": 0.5747347474098206, ""env_s"": 0.009268665919080377, ""infer_s"": 0.11910612697101897, ""gae_s"": 0.0017919579986482859, ""update_s"": 0.08626633300445974, ""env_steps"": 1024, ""grad_steps"": 16, ""env_steps_per_sec_env_only"": 110479.76148239464, ""env_steps_per_sec_end2end"": 4731.254490211224, ""train_steps_per_sec"": 185.47212386056611, ""mean_episode_return"": 157.25, ""episodes_finished"": 313}","{""torch"":""2.14.0"",""device_name"":""Apple M1 Pro (16-core GPU)"",""seed"":1234,""git_commit"":""2c24789d48523ca307f7e9c6d6bded783520cc40"",""code_sha256"":""ad2062058ca50491"",""hostname"":""Kims-MacBook-Pro-16.local""}"
20260919T172639,2026-09-19T17:30:28.025+07:00,rl,mps,Apple M1 Pro (16-core GPU),ppo_mlp512,CartPole-v1,256,,fp32,measure,16,211.37245597492438,4844.529034196771,env_steps/s (end-to-end),,,20.52236129634548,,ok,,,"{""hidden"": 512, ""n_params"": 531971, ""num_envs"": 8, ""rollout_steps"": 128, ""policy_loss"": -0.0018009961349889636, ""value_loss"": 20.52416229248047, ""entropy"": 0.574675977230072, ""env_s"": 0.008752790970902424, ""infer_s"": 0.1165152060057153, ""gae_s"": 0.0017358749973936938, ""update_s"": 0.08436858400091296, ""env_steps"": 1024, ""grad_steps"": 16, ""env_steps_per_sec_env_only"": 116991.25494989677, ""env_steps_per_sec_end2end"": 4844.529034196771, ""train_steps_per_sec"": 189.6440504421274, ""mean_episode_return"": 162.3, ""episodes_finished"": 316}","{""torch"":""2.14.0"",""device_name"":""Apple M1 Pro (16-core GPU)"",""seed"":1234,""git_commit"":""2c24789d48523ca307f7e9c6d6bded783520cc40"",""code_sha256"":""ad2062058ca50491"",""hostname"":""Kims-MacBook-Pro-16.local""}"
20260919T172639,2026-09-19T17:30:28.284+07:00,rl,mps,Apple M1 Pro (16-core GPU),ppo_mlp512,CartPole-v1,256,,fp32,measure,17,234.76183495222358,4361.867422821918,env_steps/s (end-to-end),,,39.976398696773686,,ok,,,"{""hidden"": 512, ""n_params"": 531971, ""num_envs"": 8, ""rollout_steps"": 128, ""policy_loss"": -0.0006978608435019851, ""value_loss"": 39.97709655761719, ""entropy"": 0.573624312877655, ""env_s"": 0.010030790006567258, ""infer_s"": 0.12945216994557995, ""gae_s"": 0.0017268750016228296, ""update_s"": 0.09355199999845354, ""env_steps"": 1024, ""grad_steps"": 16, ""env_steps_per_sec_env_only"": 102085.67812999545, ""env_steps_per_sec_end2end"": 4361.867422821918, ""train_steps_per_sec"": 171.02787754686685, ""mean_episode_return"": 196.85, ""episodes_finished"": 321}","{""torch"":""2.14.0"",""device_name"":""Apple M1 Pro (16-core GPU)"",""seed"":1234,""git_commit"":""2c24789d48523ca307f7e9c6d6bded783520cc40"",""code_sha256"":""ad2062058ca50491"",""hostname"":""Kims-MacBook-Pro-16.local""}"
20260919T172639,2026-09-19T17:30:28.535+07:00,rl,mps,Apple M1 Pro (16-core GPU),ppo_mlp512,CartPole-v1,256,,fp32,measure,18,227.82483401533682,4494.681207278158,env_steps/s (end-to-end),,,36.92470190895256,,ok,,,"{""hidden"": 512, ""n_params"": 531971, ""num_envs"": 8, ""rollout_steps"": 128, ""policy_loss"": -0.0015218459302559495, ""value_loss"": 36.92622375488281, ""entropy"": 0.5635201930999756, ""env_s"": 0.009570377005729824, ""infer_s"": 0.1256772080087103, ""gae_s"": 0.0016885830045794137, ""update_s"": 0.09088866599631729, ""env_steps"": 1024, ""grad_steps"": 16, ""env_steps_per_sec_env_only"": 106996.82984138733, ""env_steps_per_sec_end2end"": 4494.681207278158, ""train_steps_per_sec"": 176.03955151732893, ""mean_episode_return"": 212.35, ""episodes_finished"": 325}","{""torch"":""2.14.0"",""device_name"":""Apple M1 Pro (16-core GPU)"",""seed"":1234,""git_commit"":""2c24789d48523ca307f7e9c6d6bded783520cc40"",""code_sha256"":""ad2062058ca50491"",""hostname"":""Kims-MacBook-Pro-16.local""}"
20260919T172639,2026-09-19T17:30:28.785+07:00,rl,mps,Apple M1 Pro (16-core GPU),ppo_mlp512,CartPole-v1,256,,fp32,measure,19,229.41045196785126,4463.61528525082,env_steps/s (end-to-end),,,28.47813512547873,,ok,,,"{""hidden"": 512, ""n_params"": 531971, ""num_envs"": 8, ""rollout_steps"": 128, ""policy_loss"": -0.003884298959746957, ""value_loss"": 28.482019424438477, ""entropy"": 0.5662013292312622, ""env_s"": 0.00903933399968082, ""infer_s"": 0.11806003496894846, ""gae_s"": 0.0017318329992122017, ""update_s"": 0.10057925000000978, ""env_steps"": 1024, ""grad_steps"": 16, ""env_steps_per_sec_env_only"": 113282.6821131023, ""env_steps_per_sec_end2end"": 4463.61528525082, ""train_steps_per_sec"": 159.07853757110382, ""mean_episode_return"": 219.4, ""episodes_finished"": 329}","{""torch"":""2.14.0"",""device_name"":""Apple M1 Pro (16-core GPU)"",""seed"":1234,""git_commit"":""2c24789d48523ca307f7e9c6d6bded783520cc40"",""code_sha256"":""ad2062058ca50491"",""hostname"":""Kims-MacBook-Pro-16.local""}"
20260919T172639,2026-09-19T17:30:29.066+07:00,rl,mps,Apple M1 Pro (16-core GPU),ppo_mlp512,CartPole-v1,256,,fp32,measure,20,256.324668029265,3994.9334875685404,env_steps/s (end-to-end),,,55.16517507194658,,ok,,,"{""hidden"": 512, ""n_params"": 531971, ""num_envs"": 8, ""rollout_steps"": 128, ""policy_loss"": 0.00020467399735935032, ""value_loss"": 55.16497039794922, ""entropy"": 0.5681673288345337, ""env_s"": 0.010194955022598151, ""infer_s"": 0.127640713006258, ""gae_s"": 0.0017120420015999116, ""update_s"": 0.11677695799880894, ""env_steps"": 1024, ""grad_steps"": 16, ""env_steps_per_sec_env_only"": 100441.83596006066, ""env_steps_per_sec_end2end"": 3994.9334875685404, ""train_steps_per_sec"": 137.01333100459075, ""mean_episode_return"": 227.8, ""episodes_finished"": 332}","{""torch"":""2.14.0"",""device_name"":""Apple M1 Pro (16-core GPU)"",""seed"":1234,""git_commit"":""2c24789d48523ca307f7e9c6d6bded783520cc40"",""code_sha256"":""ad2062058ca50491"",""hostname"":""Kims-MacBook-Pro-16.local""}"
20260919T172639,2026-09-19T17:30:29.319+07:00,rl,mps,Apple M1 Pro (16-core GPU),ppo_mlp512,CartPole-v1,256,,fp32,measure,21,229.67015994072426,4458.567888245843,env_steps/s (end-to-end),,,45.1976232258603,,ok,,,"{""hidden"": 512, ""n_params"": 531971, ""num_envs"": 8, ""rollout_steps"": 128, ""policy_loss"": -0.00499823410063982, ""value_loss"": 45.20262145996094, ""entropy"": 0.5577004551887512, ""env_s"": 0.009911411980283447, ""infer_s"": 0.129903081964585, ""gae_s"": 0.0017781659989850596, ""update_s"": 0.08807749999687076, ""env_steps"": 1024, ""grad_steps"": 16, ""env_steps_per_sec_env_only"": 103315.24933450659, ""env_steps_per_sec_end2end"": 4458.567888245843, ""train_steps_per_sec"": 181.65819875187708, ""mean_episode_return"": 264.45, ""episodes_finished"": 336}","{""torch"":""2.14.0"",""device_name"":""Apple M1 Pro (16-core GPU)"",""seed"":1234,""git_commit"":""2c24789d48523ca307f7e9c6d6bded783520cc40"",""code_sha256"":""ad2062058ca50491"",""hostname"":""Kims-MacBook-Pro-16.local""}"
20260919T172639,2026-09-19T17:30:29.564+07:00,rl,mps,Apple M1 Pro (16-core GPU),ppo_mlp512,CartPole-v1,256,,fp32,measure,22,222.0246649812907,4612.100192049785,env_steps/s (end-to-end),,,52.07092249172274,,ok,,,"{""hidden"": 512, ""n_params"": 531971, ""num_envs"": 8, ""rollout_steps"": 128, ""policy_loss"": -0.001671197242103517, ""value_loss"": 52.072593688964844, ""entropy"": 0.5569503307342529, ""env_s"": 0.009768960037035868, ""infer_s"": 0.12274953894666396, ""gae_s"": 0.001771125003870111, ""update_s"": 0.08773504099372076, ""env_steps"": 1024, ""grad_steps"": 16, ""env_steps_per_sec_env_only"": 104821.80253761236, ""env_steps_per_sec_end2end"": 4612.100192049785, ""train_steps_per_sec"": 182.36727103307706, ""mean_episode_return"": 259.9, ""episodes_finished"": 341}","{""torch"":""2.14.0"",""device_name"":""Apple M1 Pro (16-core GPU)"",""seed"":1234,""git_commit"":""2c24789d48523ca307f7e9c6d6bded783520cc40"",""code_sha256"":""ad2062058ca50491"",""hostname"":""Kims-MacBook-Pro-16.local""}"
20260919T172639,2026-09-19T17:30:29.800+07:00,rl,mps,Apple M1 Pro (16-core GPU),ppo_mlp512,CartPole-v1,256,,fp32,measure,23,212.69750301144086,4814.348948633025,env_steps/s (end-to-end),,,52.470919659012,,ok,,,"{""hidden"": 512, ""n_params"": 531971, ""num_envs"": 8, ""rollout_steps"": 128, ""policy_loss"": -0.0007409550016745925, ""value_loss"": 52.47166061401367, ""entropy"": 0.5554506778717041, ""env_s"": 0.009335170980193652, ""infer_s"": 0.11639099702733802, ""gae_s"": 0.0017375010065734386, ""update_s"": 0.08523383399733575, ""env_steps"": 1024, ""grad_steps"": 16, ""env_steps_per_sec_env_only"": 109692.68824027022, ""env_steps_per_sec_end2end"": 4814.348948633025, ""train_steps_per_sec"": 187.7188816884634, ""mean_episode_return"": 256.15, ""episodes_finished"": 347}","{""torch"":""2.14.0"",""device_name"":""Apple M1 Pro (16-core GPU)"",""seed"":1234,""git_commit"":""2c24789d48523ca307f7e9c6d6bded783520cc40"",""code_sha256"":""ad2062058ca50491"",""hostname"":""Kims-MacBook-Pro-16.local""}"
20260919T172639,2026-09-19T17:30:30.061+07:00,rl,mps,Apple M1 Pro (16-core GPU),ppo_mlp512,CartPole-v1,256,,fp32,measure,24,239.9092149353237,4268.2812341162335,env_steps/s (end-to-end),,,56.32919817563379,,ok,,,"{""hidden"": 512, ""n_params"": 531971, ""num_envs"": 8, ""rollout_steps"": 128, ""policy_loss"": 0.0008519231923855841, ""value_loss"": 56.328346252441406, ""entropy"": 0.5738776922225952, ""env_s"": 0.009093419910641387, ""infer_s"": 0.1169824190219515, ""gae_s"": 0.0018042090014205314, ""update_s"": 0.11202916700131027, ""env_steps"": 1024, ""grad_steps"": 16, ""env_steps_per_sec_env_only"": 112608.8985291095, ""env_steps_per_sec_end2end"": 4268.2812341162335, ""train_steps_per_sec"": 142.81994973516913, ""mean_episode_return"": 239.25, ""episodes_finished"": 353}","{""torch"":""2.14.0"",""device_name"":""Apple M1 Pro (16-core GPU)"",""seed"":1234,""git_commit"":""2c24789d48523ca307f7e9c6d6bded783520cc40"",""code_sha256"":""ad2062058ca50491"",""hostname"":""Kims-MacBook-Pro-16.local""}"
20260919T172639,2026-09-19T17:30:30.330+07:00,rl,mps,Apple M1 Pro (16-core GPU),ppo_mlp512,CartPole-v1,256,,fp32,measure,25,244.28174697095528,4191.880943612836,env_steps/s (end-to-end),,,55.026149990502745,,ok,,,"{""hidden"": 512, ""n_params"": 531971, ""num_envs"": 8, ""rollout_steps"": 128, ""policy_loss"": -0.003631351049989462, ""value_loss"": 55.029781341552734, ""entropy"": 0.5652814507484436, ""env_s"": 0.010153876988624688, ""infer_s"": 0.13842741298140027, ""gae_s"": 0.0017522909984108992, ""update_s"": 0.09394816600251943, ""env_steps"": 1024, ""grad_steps"": 16, ""env_steps_per_sec_env_only"": 100848.1785969221, ""env_steps_per_sec_end2end"": 4191.880943612836, ""train_steps_per_sec"": 170.30667740305782, ""mean_episode_return"": 200.7, ""episodes_finished"": 357}","{""torch"":""2.14.0"",""device_name"":""Apple M1 Pro (16-core GPU)"",""seed"":1234,""git_commit"":""2c24789d48523ca307f7e9c6d6bded783520cc40"",""code_sha256"":""ad2062058ca50491"",""hostname"":""Kims-MacBook-Pro-16.local""}"
20260919T172639,2026-09-19T17:30:30.581+07:00,rl,mps,Apple M1 Pro (16-core GPU),ppo_mlp512,CartPole-v1,256,,fp32,measure,26,229.87175105663482,4454.657848530989,env_steps/s (end-to-end),,,37.12883869896177,,ok,,,"{""hidden"": 512, ""n_params"": 531971, ""num_envs"": 8, ""rollout_steps"": 128, ""policy_loss"": -0.0008152317022904754, ""value_loss"": 37.12965393066406, ""entropy"": 0.5605047941207886, ""env_s"": 0.009206626018567476, ""infer_s"": 0.12274633203196572, ""gae_s"": 0.0016829590022098273, ""update_s"": 0.0962358340038918, ""env_steps"": 1024, ""grad_steps"": 16, ""env_steps_per_sec_env_only"": 111224.2419682136, ""env_steps_per_sec_end2end"": 4454.657848530989, ""train_steps_per_sec"": 166.25823598466405, ""mean_episode_return"": 192.65, ""episodes_finished"": 360}","{""torch"":""2.14.0"",""device_name"":""Apple M1 Pro (16-core GPU)"",""seed"":1234,""git_commit"":""2c24789d48523ca307f7e9c6d6bded783520cc40"",""code_sha256"":""ad2062058ca50491"",""hostname"":""Kims-MacBook-Pro-16.local""}"
20260919T172639,2026-09-19T17:30:30.842+07:00,rl,mps,Apple M1 Pro (16-core GPU),ppo_mlp512,CartPole-v1,256,,fp32,measure,27,238.04079199180705,4301.783704514159,env_steps/s (end-to-end),,,55.311586559633724,,ok,,,"{""hidden"": 512, ""n_params"": 531971, ""num_envs"": 8, ""rollout_steps"": 128, ""policy_loss"": -0.0007913700537756085, ""value_loss"": 55.3123779296875, ""entropy"": 0.5622018575668335, ""env_s"": 0.009742623973579612, ""infer_s"": 0.11906958501640474, ""gae_s"": 0.0017991659988183528, ""update_s"": 0.10742941700300435, ""env_steps"": 1024, ""grad_steps"": 16, ""env_steps_per_sec_env_only"": 105105.15470749143, ""env_steps_per_sec_end2end"": 4301.783704514159, ""train_steps_per_sec"": 148.93499793964764, ""mean_episode_return"": 199.2, ""episodes_finished"": 365}","{""torch"":""2.14.0"",""device_name"":""Apple M1 Pro (16-core GPU)"",""seed"":1234,""git_commit"":""2c24789d48523ca307f7e9c6d6bded783520cc40"",""code_sha256"":""ad2062058ca50491"",""hostname"":""Kims-MacBook-Pro-16.local""}"
20260919T172639,2026-09-19T17:30:31.086+07:00,rl,mps,Apple M1 Pro (16-core GPU),ppo_mlp512,CartPole-v1,256,,fp32,measure,28,222.2855840009288,4606.686504671042,env_steps/s (end-to-end),,,16.8432057244936,,ok,,,"{""hidden"": 512, ""n_params"": 531971, ""num_envs"": 8, ""rollout_steps"": 128, ""policy_loss"": 4.5095221139490604e-05, ""value_loss"": 16.84316062927246, ""entropy"": 0.553819477558136, ""env_s"": 0.009423337025509682, ""infer_s"": 0.1201858299828018, ""gae_s"": 0.0017057919976650737, ""update_s"": 0.09097062499495223, ""env_steps"": 1024, ""grad_steps"": 16, ""env_steps_per_sec_env_only"": 108666.38826860963, ""env_steps_per_sec_end2end"": 4606.686504671042, ""train_steps_per_sec"": 175.88095059133437, ""mean_episode_return"": 206.95, ""episodes_finished"": 368}","{""torch"":""2.14.0"",""device_name"":""Apple M1 Pro (16-core GPU)"",""seed"":1234,""git_commit"":""2c24789d48523ca307f7e9c6d6bded783520cc40"",""code_sha256"":""ad2062058ca50491"",""hostname"":""Kims-MacBook-Pro-16.local""}"
20260919T172639,2026-09-19T17:30:31.332+07:00,rl,mps,Apple M1 Pro (16-core GPU),ppo_mlp512,CartPole-v1,256,,fp32,measure,29,224.2155330386595,4567.034166287849,env_steps/s (end-to-end),,,29.31475095776841,,ok,,,"{""hidden"": 512, ""n_params"": 531971, ""num_envs"": 8, ""rollout_steps"": 128, ""policy_loss"": -0.0029599186964333057, ""value_loss"": 29.317710876464844, ""entropy"": 0.5689474940299988, ""env_s"": 0.0095475860289298, ""infer_s"": 0.12252028100920143, ""gae_s"": 0.001710165997792501, ""update_s"": 0.09043750000273576, ""env_steps"": 1024, ""grad_steps"": 16, ""env_steps_per_sec_env_only"": 107252.24123639359, ""env_steps_per_sec_end2end"": 4567.034166287849, ""train_steps_per_sec"": 176.917760879237, ""mean_episode_return"": 232.9, ""episodes_finished"": 373}","{""torch"":""2.14.0"",""device_name"":""Apple M1 Pro (16-core GPU)"",""seed"":1234,""git_commit"":""2c24789d48523ca307f7e9c6d6bded783520cc40"",""code_sha256"":""ad2062058ca50491"",""hostname"":""Kims-MacBook-Pro-16.local""}"
20260919T172639,2026-09-19T17:30:31.333+07:00,rl,mps,Apple M1 Pro (16-core GPU),ppo_mlp512,CartPole-v1,256,,fp32,config,,,,,34.625,"mps_driver_allocated_memory (snapshot after work, not a peak; includes allocator cache)",,,ok,,,"{""hidden"": 512, ""n_params"": 531971, ""num_envs"": 8, ""rollout_steps"": 128, ""total_env_steps"": 30720, ""process_rss_mb"": 495.140625, ""mps_current_allocated_mb"": 12.24365234375, ""mps_driver_allocated_mb"": 34.625}","{""torch"":""2.14.0"",""device_name"":""Apple M1 Pro (16-core GPU)"",""seed"":1234,""git_commit"":""2c24789d48523ca307f7e9c6d6bded783520cc40"",""code_sha256"":""ad2062058ca50491"",""hostname"":""Kims-MacBook-Pro-16.local""}"
